filename,body,comthis,edurchakra,email,gmail,rit,rxc7965,subject
sample_email.txt,0.16666666666666666,0.16666666666666666,0.16666666666666666,0.3333333333333333,0.16666666666666666,0.16666666666666666,0.16666666666666666,0.16666666666666666
