filename,literature,milestone,review
abstract.docx,0.5773502691896258,0.5773502691896258,0.5773502691896258
